#SELECT MODEL1.is_mutagen, count(distinct MODEL1.model_id ) FROM MODEL MODEL1, ATOM T1008290346560  WHERE MODEL1.model_id=T1008290346560.model_id group by MODEL1.is_mutagen order by MODEL1.is_mutagen ASC
F 63
T 125
;
#SELECT MODEL2.is_mutagen, count(distinct MODEL2.model_id ) FROM MODEL MODEL2, ATOM ATOM3, ATOM T1008290346670  WHERE MODEL2.model_id=ATOM3.model_id AND MODEL2.model_id=T1008290346670.model_id group by MODEL2.is_mutagen order by MODEL2.is_mutagen ASC
F 63
T 125
;
#SELECT MODEL2.is_mutagen, count(distinct MODEL2.model_id ) FROM MODEL MODEL2, ATOM ATOM3, BOND T1008290357490  WHERE MODEL2.model_id=ATOM3.model_id AND MODEL2.model_id=T1008290357490.model_id group by MODEL2.is_mutagen order by MODEL2.is_mutagen ASC
F 63
T 125
;
#SELECT MODEL2.is_mutagen,MODEL2.is_mutagen, count(distinct MODEL2.model_id ) FROM MODEL MODEL2, ATOM ATOM3  WHERE MODEL2.model_id=ATOM3.model_id group by MODEL2.is_mutagen , MODEL2.is_mutagen order by MODEL2.is_mutagen ASC, MODEL2.is_mutagen ASC
F F 63
T T 125
;
#SELECT MODEL2.is_mutagen,MODEL2.lumo, count(distinct MODEL2.model_id ) FROM MODEL MODEL2, ATOM ATOM3  WHERE MODEL2.model_id=ATOM3.model_id group by MODEL2.lumo , MODEL2.is_mutagen order by MODEL2.lumo ASC, MODEL2.is_mutagen ASC
T -4 1
T -3 14
F -2 17
T -2 81
F -1 46
T -1 29
;
#SELECT MODEL2.is_mutagen,MODEL2.logp, count(distinct MODEL2.model_id ) FROM MODEL MODEL2, ATOM ATOM3  WHERE MODEL2.model_id=ATOM3.model_id group by MODEL2.logp , MODEL2.is_mutagen order by MODEL2.lumo ASC, MODEL2.is_mutagen ASC
T 3 31
F 3 20
F 0 2
F 1 5
F 8 1
T 5 27
T 6 14
T 7 3
T 1 3
T 2 12
F 4 5
F 7 2
F 2 28
T 4 35
;
#SELECT MODEL2.is_mutagen,ATOM3.element, count(distinct MODEL2.model_id ) FROM MODEL MODEL2, ATOM ATOM3  WHERE MODEL2.model_id=ATOM3.model_id group by ATOM3.element , MODEL2.is_mutagen order by ATOM3.element ASC, MODEL2.is_mutagen ASC
F br 1
T br 1
F c 63
T c 125
F cl 8
T cl 3
F f 5
T f 4
F h 63
T h 125
T i 1
F n 63
T n 125
F o 63
T o 125
;
#SELECT MODEL2.is_mutagen,ATOM3.type, count(distinct MODEL2.model_id ) FROM MODEL MODEL2, ATOM ATOM3  WHERE MODEL2.model_id=ATOM3.model_id group by ATOM3.type , MODEL2.is_mutagen order by ATOM3.type ASC, MODEL2.is_mutagen ASC
F 1 20
T 1 17
F 10 20
T 10 38
F 14 4
T 14 9
F 16 3
T 16 5
T 19 1
T 194 1
T 195 12
F 21 9
T 21 11
F 22 62
T 22 124
T 230 1
T 232 1
T 25 2
F 26 8
T 26 12
F 27 11
T 27 70
T 28 17
F 29 12
T 29 53
F 3 63
T 3 125
T 31 1
F 32 16
T 32 14
F 34 9
T 34 3
F 35 6
T 35 1
F 36 1
F 38 63
T 38 125
F 40 63
T 40 125
F 41 2
F 42 1
F 45 2
T 45 6
T 49 2
F 50 10
T 50 2
T 51 2
T 52 2
F 8 2
T 8 6
F 92 5
T 92 4
F 93 8
T 93 3
F 94 1
T 94 1
T 95 1
;
#SELECT MODEL2.is_mutagen,ATOM3.charge, count(distinct MODEL2.model_id ) FROM MODEL MODEL2, ATOM ATOM3  WHERE MODEL2.model_id=ATOM3.model_id group by ATOM3.charge , MODEL2.is_mutagen order by ATOM3.charge ASC, MODEL2.is_mutagen ASC
F 0 63
T 0 125
;
#SELECT MODEL1.is_mutagen, count(distinct MODEL1.model_id ) FROM MODEL MODEL1, BOND T1008290375670  WHERE MODEL1.model_id=T1008290375670.model_id group by MODEL1.is_mutagen order by MODEL1.is_mutagen ASC
F 63
T 125
;
#SELECT MODEL110.is_mutagen, count(distinct MODEL110.model_id ) FROM MODEL MODEL110, BOND BOND111, ATOM T1008290375830  WHERE MODEL110.model_id=BOND111.model_id AND MODEL110.model_id=T1008290375830.model_id group by MODEL110.is_mutagen order by MODEL110.is_mutagen ASC
F 63
T 125
;
#SELECT MODEL110.is_mutagen, count(distinct MODEL110.model_id ) FROM MODEL MODEL110, BOND BOND111, BOND T1008290387970  WHERE MODEL110.model_id=BOND111.model_id AND MODEL110.model_id=T1008290387970.model_id group by MODEL110.is_mutagen order by MODEL110.is_mutagen ASC
F 63
T 125
;
#SELECT MODEL110.is_mutagen, count(distinct MODEL110.model_id ) FROM MODEL MODEL110, BOND BOND111, ATOM T1008290400660  WHERE MODEL110.model_id=BOND111.model_id AND BOND111.atom1=T1008290400660.atom_id group by MODEL110.is_mutagen order by MODEL110.is_mutagen ASC
F 63
T 125
;
#SELECT MODEL110.is_mutagen, count(distinct MODEL110.model_id ) FROM MODEL MODEL110, BOND BOND111, ATOM T1008290401100  WHERE MODEL110.model_id=BOND111.model_id AND BOND111.atom2=T1008290401100.atom_id group by MODEL110.is_mutagen order by MODEL110.is_mutagen ASC
F 63
T 125
;
#SELECT MODEL110.is_mutagen,MODEL110.is_mutagen, count(distinct MODEL110.model_id ) FROM MODEL MODEL110, BOND BOND111  WHERE MODEL110.model_id=BOND111.model_id group by MODEL110.is_mutagen , MODEL110.is_mutagen order by MODEL110.is_mutagen ASC, MODEL110.is_mutagen ASC
F F 63
T T 125
;
#SELECT MODEL110.is_mutagen,MODEL110.lumo, count(distinct MODEL110.model_id ) FROM MODEL MODEL110, BOND BOND111  WHERE MODEL110.model_id=BOND111.model_id group by MODEL110.lumo , MODEL110.is_mutagen order by MODEL110.lumo ASC, MODEL110.is_mutagen ASC
T -4 1
T -3 14
F -2 17
T -2 81
F -1 46
T -1 29
;
#SELECT MODEL110.is_mutagen,MODEL110.logp, count(distinct MODEL110.model_id ) FROM MODEL MODEL110, BOND BOND111  WHERE MODEL110.model_id=BOND111.model_id group by MODEL110.logp , MODEL110.is_mutagen order by MODEL110.logp ASC, MODEL110.is_mutagen ASC
F 0 2
F 1 5
T 1 3
F 2 28
T 2 12
F 3 20
T 3 31
F 4 5
T 4 35
T 5 27
T 6 14
F 7 2
T 7 3
F 8 1
;
#SELECT MODEL110.is_mutagen,BOND111.type, count(distinct MODEL110.model_id ) FROM MODEL MODEL110, BOND BOND111  WHERE MODEL110.model_id=BOND111.model_id group by BOND111.type , MODEL110.is_mutagen order by BOND111.type ASC, MODEL110.is_mutagen ASC
F 1 63
T 1 125
F 2 63
T 2 125
T 3 1
T 4 2
T 5 2
F 7 63
T 7 125
;
#SELECT MODEL1.is_mutagen,MODEL1.is_mutagen, count(distinct MODEL1.model_id ) FROM MODEL MODEL1  group by MODEL1.is_mutagen , MODEL1.is_mutagen order by MODEL1.is_mutagen ASC, MODEL1.is_mutagen ASC
F F 63
T T 125
;
#SELECT MODEL162.is_mutagen, count(distinct MODEL162.model_id ) FROM MODEL MODEL162, ATOM T1008290407030  WHERE MODEL162.model_id=T1008290407030.model_id AND MODEL162.is_mutagen='T' group by MODEL162.is_mutagen order by MODEL162.is_mutagen ASC
T 125
;
#SELECT MODEL162.is_mutagen, count(distinct MODEL162.model_id ) FROM MODEL MODEL162, BOND T1008290407360  WHERE MODEL162.model_id=T1008290407360.model_id AND MODEL162.is_mutagen='T' group by MODEL162.is_mutagen order by MODEL162.is_mutagen ASC
T 125
;
#SELECT MODEL162.is_mutagen,MODEL162.is_mutagen, count(distinct MODEL162.model_id ) FROM MODEL MODEL162  WHERE MODEL162.is_mutagen='T' group by MODEL162.is_mutagen , MODEL162.is_mutagen order by MODEL162.is_mutagen ASC, MODEL162.is_mutagen ASC
T T 125
;
#SELECT MODEL162.is_mutagen,MODEL162.lumo, count(distinct MODEL162.model_id ) FROM MODEL MODEL162  WHERE MODEL162.is_mutagen='T' group by MODEL162.lumo , MODEL162.is_mutagen order by MODEL162.lumo ASC, MODEL162.is_mutagen ASC
T -4 1
T -3 14
T -2 81
T -1 29
;
#SELECT MODEL162.is_mutagen,MODEL162.logp, count(distinct MODEL162.model_id ) FROM MODEL MODEL162  WHERE MODEL162.is_mutagen='T' group by MODEL162.logp , MODEL162.is_mutagen order by MODEL162.logp ASC, MODEL162.is_mutagen ASC
T 1 3
T 2 12
T 3 31
T 4 35
T 5 27
T 6 14
T 7 3
;
#SELECT MODEL178.is_mutagen, count(distinct MODEL178.model_id ) FROM MODEL MODEL178, ATOM T1008290410000  WHERE MODEL178.model_id=T1008290410000.model_id AND MODEL178.is_mutagen='F' group by MODEL178.is_mutagen order by MODEL178.is_mutagen ASC
F 63
;
#SELECT MODEL178.is_mutagen, count(distinct MODEL178.model_id ) FROM MODEL MODEL178, BOND T1008290410330  WHERE MODEL178.model_id=T1008290410330.model_id AND MODEL178.is_mutagen='F' group by MODEL178.is_mutagen order by MODEL178.is_mutagen ASC
F 63
;
#SELECT MODEL178.is_mutagen,MODEL178.is_mutagen, count(distinct MODEL178.model_id ) FROM MODEL MODEL178  WHERE MODEL178.is_mutagen='F' group by MODEL178.is_mutagen , MODEL178.is_mutagen order by MODEL178.is_mutagen ASC, MODEL178.is_mutagen ASC
F F 63
;
#SELECT MODEL178.is_mutagen,MODEL178.lumo, count(distinct MODEL178.model_id ) FROM MODEL MODEL178  WHERE MODEL178.is_mutagen='F' group by MODEL178.lumo , MODEL178.is_mutagen order by MODEL178.lumo ASC, MODEL178.is_mutagen ASC
F -2 17
F -1 46
;
#SELECT MODEL178.is_mutagen,MODEL178.logp, count(distinct MODEL178.model_id ) FROM MODEL MODEL178  WHERE MODEL178.is_mutagen='F' group by MODEL178.logp , MODEL178.is_mutagen order by MODEL178.logp ASC, MODEL178.is_mutagen ASC
F 0 2
F 1 5
F 2 28
F 3 20
F 4 5
F 7 2
F 8 1
;
#SELECT MODEL1.is_mutagen,MODEL1.lumo, count(distinct MODEL1.model_id ) FROM MODEL MODEL1  group by MODEL1.lumo , MODEL1.is_mutagen order by MODEL1.lumo ASC, MODEL1.is_mutagen ASC
T -4 1
T -3 14
F -2 17
T -2 81
F -1 46
T -1 29
;
#SELECT MODEL192.is_mutagen,MODEL192.is_mutagen, count(distinct MODEL192.model_id ) FROM MODEL MODEL192  WHERE MODEL192.lumo='-3' group by MODEL192.is_mutagen , MODEL192.is_mutagen order by MODEL192.is_mutagen ASC, MODEL192.is_mutagen ASC
T T 14
;
#SELECT MODEL192.is_mutagen,MODEL192.lumo, count(distinct MODEL192.model_id ) FROM MODEL MODEL192  WHERE MODEL192.lumo='-3' group by MODEL192.lumo , MODEL192.is_mutagen order by MODEL192.lumo ASC, MODEL192.is_mutagen ASC
T -3 14
;
#SELECT MODEL192.is_mutagen,MODEL192.logp, count(distinct MODEL192.model_id ) FROM MODEL MODEL192  WHERE MODEL192.lumo='-3' group by MODEL192.logp , MODEL192.is_mutagen order by MODEL192.logp ASC, MODEL192.is_mutagen ASC
T 2 6
T 3 3
T 4 5
;
#SELECT MODEL202.is_mutagen, count(distinct MODEL202.model_id ) FROM MODEL MODEL202, ATOM T1008290413400  WHERE MODEL202.model_id=T1008290413400.model_id AND MODEL202.lumo='-2' group by MODEL202.is_mutagen order by MODEL202.is_mutagen ASC
F 17
T 81
;
#SELECT MODEL202.is_mutagen, count(distinct MODEL202.model_id ) FROM MODEL MODEL202, BOND T1008290413680  WHERE MODEL202.model_id=T1008290413680.model_id AND MODEL202.lumo='-2' group by MODEL202.is_mutagen order by MODEL202.is_mutagen ASC
F 17
T 81
;
#SELECT MODEL202.is_mutagen,MODEL202.is_mutagen, count(distinct MODEL202.model_id ) FROM MODEL MODEL202  WHERE MODEL202.lumo='-2' group by MODEL202.is_mutagen , MODEL202.is_mutagen order by MODEL202.is_mutagen ASC, MODEL202.is_mutagen ASC
F F 17
T T 81
;
#SELECT MODEL202.is_mutagen,MODEL202.lumo, count(distinct MODEL202.model_id ) FROM MODEL MODEL202  WHERE MODEL202.lumo='-2' group by MODEL202.lumo , MODEL202.is_mutagen order by MODEL202.lumo ASC, MODEL202.is_mutagen ASC
F -2 17
T -2 81
;
#SELECT MODEL202.is_mutagen,MODEL202.logp, count(distinct MODEL202.model_id ) FROM MODEL MODEL202  WHERE MODEL202.lumo='-2' group by MODEL202.logp , MODEL202.is_mutagen order by MODEL202.logp ASC, MODEL202.is_mutagen ASC
F 0 1
F 1 1
T 1 3
F 2 7
T 2 3
F 3 7
T 3 18
T 4 22
T 5 19
T 6 13
T 7 3
F 8 1
;
#SELECT MODEL217.is_mutagen, count(distinct MODEL217.model_id ) FROM MODEL MODEL217, ATOM T1008290417030  WHERE MODEL217.model_id=T1008290417030.model_id AND MODEL217.lumo='-1' group by MODEL217.is_mutagen order by MODEL217.is_mutagen ASC
F 46
T 29
;
#SELECT MODEL217.is_mutagen, count(distinct MODEL217.model_id ) FROM MODEL MODEL217, BOND T1008290417690  WHERE MODEL217.model_id=T1008290417690.model_id AND MODEL217.lumo='-1' group by MODEL217.is_mutagen order by MODEL217.is_mutagen ASC
F 46
T 29
;
#SELECT MODEL217.is_mutagen,MODEL217.is_mutagen, count(distinct MODEL217.model_id ) FROM MODEL MODEL217  WHERE MODEL217.lumo='-1' group by MODEL217.is_mutagen , MODEL217.is_mutagen order by MODEL217.is_mutagen ASC, MODEL217.is_mutagen ASC
F F 46
T T 29
;
#SELECT MODEL217.is_mutagen,MODEL217.lumo, count(distinct MODEL217.model_id ) FROM MODEL MODEL217  WHERE MODEL217.lumo='-1' group by MODEL217.lumo , MODEL217.is_mutagen order by MODEL217.lumo ASC, MODEL217.is_mutagen ASC
F -1 46
T -1 29
;
#SELECT MODEL217.is_mutagen,MODEL217.logp, count(distinct MODEL217.model_id ) FROM MODEL MODEL217  WHERE MODEL217.lumo='-1' group by MODEL217.logp , MODEL217.is_mutagen order by MODEL217.logp ASC, MODEL217.is_mutagen ASC
F 0 1
F 1 4
F 2 21
T 2 3
F 3 13
T 3 9
F 4 5
T 4 8
T 5 8
T 6 1
F 7 2
;
#SELECT MODEL1.is_mutagen,MODEL1.logp, count(distinct MODEL1.model_id ) FROM MODEL MODEL1  group by MODEL1.logp , MODEL1.is_mutagen order by MODEL1.logp ASC, MODEL1.is_mutagen ASC
F 0 2
F 1 5
T 1 3
F 2 28
T 2 12
F 3 20
T 3 31
F 4 5
T 4 35
T 5 27
T 6 14
F 7 2
T 7 3
F 8 1
;
#SELECT MODEL232.is_mutagen, count(distinct MODEL232.model_id ) FROM MODEL MODEL232, ATOM T1008290420930  WHERE MODEL232.model_id=T1008290420930.model_id AND MODEL232.logp='8' group by MODEL232.is_mutagen order by MODEL232.is_mutagen ASC
F 1
;
#SELECT MODEL232.is_mutagen, count(distinct MODEL232.model_id ) FROM MODEL MODEL232, BOND T1008290421150  WHERE MODEL232.model_id=T1008290421150.model_id AND MODEL232.logp='8' group by MODEL232.is_mutagen order by MODEL232.is_mutagen ASC
F 1
;
#SELECT MODEL232.is_mutagen,MODEL232.is_mutagen, count(distinct MODEL232.model_id ) FROM MODEL MODEL232  WHERE MODEL232.logp='8' group by MODEL232.is_mutagen , MODEL232.is_mutagen order by MODEL232.is_mutagen ASC, MODEL232.is_mutagen ASC
F F 1
;
#SELECT MODEL232.is_mutagen,MODEL232.lumo, count(distinct MODEL232.model_id ) FROM MODEL MODEL232  WHERE MODEL232.logp='8' group by MODEL232.lumo , MODEL232.is_mutagen order by MODEL232.lumo ASC, MODEL232.is_mutagen ASC
F -2 1
;
#SELECT MODEL232.is_mutagen,MODEL232.logp, count(distinct MODEL232.model_id ) FROM MODEL MODEL232  WHERE MODEL232.logp='8' group by MODEL232.logp , MODEL232.is_mutagen order by MODEL232.logp ASC, MODEL232.is_mutagen ASC
F 8 1
;
#SELECT MODEL237.is_mutagen, count(distinct MODEL237.model_id ) FROM MODEL MODEL237, ATOM T1008290422250  WHERE MODEL237.model_id=T1008290422250.model_id AND MODEL237.logp='7' group by MODEL237.is_mutagen order by MODEL237.is_mutagen ASC
F 2
T 3
;
#SELECT MODEL237.is_mutagen, count(distinct MODEL237.model_id ) FROM MODEL MODEL237, BOND T1008290422850  WHERE MODEL237.model_id=T1008290422850.model_id AND MODEL237.logp='7' group by MODEL237.is_mutagen order by MODEL237.is_mutagen ASC
F 2
T 3
;
#SELECT MODEL237.is_mutagen,MODEL237.is_mutagen, count(distinct MODEL237.model_id ) FROM MODEL MODEL237  WHERE MODEL237.logp='7' group by MODEL237.is_mutagen , MODEL237.is_mutagen order by MODEL237.is_mutagen ASC, MODEL237.is_mutagen ASC
F F 2
T T 3
;
#SELECT MODEL237.is_mutagen,MODEL237.lumo, count(distinct MODEL237.model_id ) FROM MODEL MODEL237  WHERE MODEL237.logp='7' group by MODEL237.lumo , MODEL237.is_mutagen order by MODEL237.lumo ASC, MODEL237.is_mutagen ASC
T -2 3
F -1 2
;
#SELECT MODEL237.is_mutagen,MODEL237.logp, count(distinct MODEL237.model_id ) FROM MODEL MODEL237  WHERE MODEL237.logp='7' group by MODEL237.logp , MODEL237.is_mutagen order by MODEL237.logp ASC, MODEL237.is_mutagen ASC
F 7 2
T 7 3
;
#SELECT MODEL247.is_mutagen, count(distinct MODEL247.model_id ) FROM MODEL MODEL247, ATOM T1008290427740  WHERE MODEL247.model_id=T1008290427740.model_id AND MODEL247.logp='6' group by MODEL247.is_mutagen order by MODEL247.is_mutagen ASC
T 14
;
#SELECT MODEL247.is_mutagen, count(distinct MODEL247.model_id ) FROM MODEL MODEL247, BOND T1008290427850  WHERE MODEL247.model_id=T1008290427850.model_id AND MODEL247.logp='6' group by MODEL247.is_mutagen order by MODEL247.is_mutagen ASC
T 14
;
#SELECT MODEL247.is_mutagen,MODEL247.is_mutagen, count(distinct MODEL247.model_id ) FROM MODEL MODEL247  WHERE MODEL247.logp='6' group by MODEL247.is_mutagen , MODEL247.is_mutagen order by MODEL247.is_mutagen ASC, MODEL247.is_mutagen ASC
T T 14
;
#SELECT MODEL247.is_mutagen,MODEL247.lumo, count(distinct MODEL247.model_id ) FROM MODEL MODEL247  WHERE MODEL247.logp='6' group by MODEL247.lumo , MODEL247.is_mutagen order by MODEL247.lumo ASC, MODEL247.is_mutagen ASC
T -2 13
T -1 1
;
#SELECT MODEL247.is_mutagen,MODEL247.logp, count(distinct MODEL247.model_id ) FROM MODEL MODEL247  WHERE MODEL247.logp='6' group by MODEL247.logp , MODEL247.is_mutagen order by MODEL247.logp ASC, MODEL247.is_mutagen ASC
T 6 14
;
#SELECT MODEL255.is_mutagen, count(distinct MODEL255.model_id ) FROM MODEL MODEL255, ATOM T1008290428950  WHERE MODEL255.model_id=T1008290428950.model_id AND MODEL255.logp='5' group by MODEL255.is_mutagen order by MODEL255.is_mutagen ASC
T 27
;
#SELECT MODEL255.is_mutagen, count(distinct MODEL255.model_id ) FROM MODEL MODEL255, BOND T1008290429280  WHERE MODEL255.model_id=T1008290429280.model_id AND MODEL255.logp='5' group by MODEL255.is_mutagen order by MODEL255.is_mutagen ASC
T 27
;
#SELECT MODEL255.is_mutagen,MODEL255.is_mutagen, count(distinct MODEL255.model_id ) FROM MODEL MODEL255  WHERE MODEL255.logp='5' group by MODEL255.is_mutagen , MODEL255.is_mutagen order by MODEL255.is_mutagen ASC, MODEL255.is_mutagen ASC
T T 27
;
#SELECT MODEL255.is_mutagen,MODEL255.lumo, count(distinct MODEL255.model_id ) FROM MODEL MODEL255  WHERE MODEL255.logp='5' group by MODEL255.lumo , MODEL255.is_mutagen order by MODEL255.lumo ASC, MODEL255.is_mutagen ASC
T -2 19
T -1 8
;
#SELECT MODEL255.is_mutagen,MODEL255.logp, count(distinct MODEL255.model_id ) FROM MODEL MODEL255  WHERE MODEL255.logp='5' group by MODEL255.logp , MODEL255.is_mutagen order by MODEL255.logp ASC, MODEL255.is_mutagen ASC
T 5 27
;
#SELECT MODEL264.is_mutagen, count(distinct MODEL264.model_id ) FROM MODEL MODEL264, ATOM T1008290434110  WHERE MODEL264.model_id=T1008290434110.model_id AND MODEL264.logp='4' group by MODEL264.is_mutagen order by MODEL264.is_mutagen ASC
F 5
T 35
;
#SELECT MODEL264.is_mutagen, count(distinct MODEL264.model_id ) FROM MODEL MODEL264, BOND T1008290434330  WHERE MODEL264.model_id=T1008290434330.model_id AND MODEL264.logp='4' group by MODEL264.is_mutagen order by MODEL264.is_mutagen ASC
F 5
T 35
;
#SELECT MODEL264.is_mutagen,MODEL264.is_mutagen, count(distinct MODEL264.model_id ) FROM MODEL MODEL264  WHERE MODEL264.logp='4' group by MODEL264.is_mutagen , MODEL264.is_mutagen order by MODEL264.is_mutagen ASC, MODEL264.is_mutagen ASC
F F 5
T T 35
;
#SELECT MODEL264.is_mutagen,MODEL264.lumo, count(distinct MODEL264.model_id ) FROM MODEL MODEL264  WHERE MODEL264.logp='4' group by MODEL264.lumo , MODEL264.is_mutagen order by MODEL264.lumo ASC, MODEL264.is_mutagen ASC
T -3 5
T -2 22
F -1 5
T -1 8
;
#SELECT MODEL264.is_mutagen,MODEL264.logp, count(distinct MODEL264.model_id ) FROM MODEL MODEL264  WHERE MODEL264.logp='4' group by MODEL264.logp , MODEL264.is_mutagen order by MODEL264.logp ASC, MODEL264.is_mutagen ASC
F 4 5
T 4 35
;
#SELECT MODEL275.is_mutagen, count(distinct MODEL275.model_id ) FROM MODEL MODEL275, ATOM T1008290435540  WHERE MODEL275.model_id=T1008290435540.model_id AND MODEL275.logp='3' group by MODEL275.is_mutagen order by MODEL275.is_mutagen ASC
F 20
T 31
;
#SELECT MODEL275.is_mutagen, count(distinct MODEL275.model_id ) FROM MODEL MODEL275, BOND T1008290436030  WHERE MODEL275.model_id=T1008290436030.model_id AND MODEL275.logp='3' group by MODEL275.is_mutagen order by MODEL275.is_mutagen ASC
F 20
T 31
;
#SELECT MODEL275.is_mutagen,MODEL275.is_mutagen, count(distinct MODEL275.model_id ) FROM MODEL MODEL275  WHERE MODEL275.logp='3' group by MODEL275.is_mutagen , MODEL275.is_mutagen order by MODEL275.is_mutagen ASC, MODEL275.is_mutagen ASC
F F 20
T T 31
;
#SELECT MODEL275.is_mutagen,MODEL275.lumo, count(distinct MODEL275.model_id ) FROM MODEL MODEL275  WHERE MODEL275.logp='3' group by MODEL275.lumo , MODEL275.is_mutagen order by MODEL275.lumo ASC, MODEL275.is_mutagen ASC
T -4 1
T -3 3
F -2 7
T -2 18
F -1 13
T -1 9
;
#SELECT MODEL275.is_mutagen,MODEL275.logp, count(distinct MODEL275.model_id ) FROM MODEL MODEL275  WHERE MODEL275.logp='3' group by MODEL275.logp , MODEL275.is_mutagen order by MODEL275.logp ASC, MODEL275.is_mutagen ASC
F 3 20
T 3 31
;
#SELECT MODEL286.is_mutagen, count(distinct MODEL286.model_id ) FROM MODEL MODEL286, ATOM T1008290437790  WHERE MODEL286.model_id=T1008290437790.model_id AND MODEL286.logp='2' group by MODEL286.is_mutagen order by MODEL286.is_mutagen ASC
F 28
T 12
;
#SELECT MODEL286.is_mutagen, count(distinct MODEL286.model_id ) FROM MODEL MODEL286, BOND T1008290438010  WHERE MODEL286.model_id=T1008290438010.model_id AND MODEL286.logp='2' group by MODEL286.is_mutagen order by MODEL286.is_mutagen ASC
F 28
T 12
;
#SELECT MODEL286.is_mutagen,MODEL286.is_mutagen, count(distinct MODEL286.model_id ) FROM MODEL MODEL286  WHERE MODEL286.logp='2' group by MODEL286.is_mutagen , MODEL286.is_mutagen order by MODEL286.is_mutagen ASC, MODEL286.is_mutagen ASC
F F 28
T T 12
;
#SELECT MODEL286.is_mutagen,MODEL286.lumo, count(distinct MODEL286.model_id ) FROM MODEL MODEL286  WHERE MODEL286.logp='2' group by MODEL286.lumo , MODEL286.is_mutagen order by MODEL286.lumo ASC, MODEL286.is_mutagen ASC
T -3 6
F -2 7
T -2 3
F -1 21
T -1 3
;
#SELECT MODEL286.is_mutagen,MODEL286.logp, count(distinct MODEL286.model_id ) FROM MODEL MODEL286  WHERE MODEL286.logp='2' group by MODEL286.logp , MODEL286.is_mutagen order by MODEL286.logp ASC, MODEL286.is_mutagen ASC
F 2 28
T 2 12
;
#SELECT MODEL297.is_mutagen, count(distinct MODEL297.model_id ) FROM MODEL MODEL297, ATOM T1008290440150  WHERE MODEL297.model_id=T1008290440150.model_id AND MODEL297.logp='1' group by MODEL297.is_mutagen order by is_mutagen
F 5
T 3
;
#SELECT MODEL297.is_mutagen, count(distinct MODEL297.model_id ) FROM MODEL MODEL297, BOND T1008290440700  WHERE MODEL297.model_id=T1008290440700.model_id AND MODEL297.logp='1' group by MODEL297.is_mutagen order by is_mutagen
F 5
T 3
;
#SELECT MODEL297.is_mutagen,MODEL297.is_mutagen, count(distinct MODEL297.model_id ) FROM MODEL MODEL297  WHERE MODEL297.logp='1' group by MODEL297.is_mutagen , MODEL297.is_mutagen order by MODEL297.is_mutagen ASC, MODEL297.is_mutagen ASC
F F 5
T T 3
;
#SELECT MODEL297.is_mutagen,MODEL297.lumo, count(distinct MODEL297.model_id ) FROM MODEL MODEL297  WHERE MODEL297.logp='1' group by MODEL297.lumo , MODEL297.is_mutagen order by MODEL297.lumo ASC, MODEL297.is_mutagen ASC
F -2 1
T -2 3
F -1 4
;
#SELECT MODEL297.is_mutagen,MODEL297.logp, count(distinct MODEL297.model_id ) FROM MODEL MODEL297  WHERE MODEL297.logp='1' group by MODEL297.logp , MODEL297.is_mutagen order by MODEL297.logp ASC, MODEL297.is_mutagen ASC
F 1 5
T 1 3
;
#SELECT MODEL306.is_mutagen, count(distinct MODEL306.model_id ) FROM MODEL MODEL306, ATOM T1008290441690  WHERE MODEL306.model_id=T1008290441690.model_id AND MODEL306.logp='0' group by MODEL306.is_mutagen order by MODEL306.is_mutagen ASC
F 2
;
#SELECT MODEL306.is_mutagen, count(distinct MODEL306.model_id ) FROM MODEL MODEL306, BOND T1008290441960  WHERE MODEL306.model_id=T1008290441960.model_id AND MODEL306.logp='0' group by MODEL306.is_mutagen order by MODEL306.is_mutagen ASC
F 2
;
#SELECT MODEL306.is_mutagen,MODEL306.is_mutagen, count(distinct MODEL306.model_id ) FROM MODEL MODEL306  WHERE MODEL306.logp='0' group by MODEL306.is_mutagen , MODEL306.is_mutagen order by MODEL306.is_mutagen ASC, MODEL306.is_mutagen ASC
F F 2
;
#SELECT MODEL306.is_mutagen,MODEL306.lumo, count(distinct MODEL306.model_id ) FROM MODEL MODEL306  WHERE MODEL306.logp='0' group by MODEL306.lumo , MODEL306.is_mutagen order by MODEL306.lumo ASC, MODEL306.is_mutagen ASC
F -2 1
F -1 1
;
#SELECT MODEL306.is_mutagen,MODEL306.logp, count(distinct MODEL306.model_id ) FROM MODEL MODEL306  WHERE MODEL306.logp='0' group by MODEL306.logp , MODEL306.is_mutagen order by MODEL306.logp ASC, MODEL306.is_mutagen ASC
F 0 2
;
